{
  "NDVI": {
    "mean": 0.4348097920065302,
    "std": 0.2787146378831769,
    "valid_count": 2150075
  },
  "EVI": {
    "mean": 0.2969366246284433,
    "std": 0.25705249788219225,
    "valid_count": 2144734
  },
  "LSWI": {
    "mean": 0.09913889097559805,
    "std": 0.28671183975288655,
    "valid_count": 2149567
  }
}