{
  "source_npz": "/Users/yusuf/Desktop/finalround/preprocessing1/artifacts/patches_clean/train_cnn_transformer_15x15.npz",
  "policy": "computed from training patches only using valid_pixel_mask; raw patch artifact is not modified",
  "bands": [
    "B01",
    "B02",
    "B03",
    "B04",
    "B05",
    "B06",
    "B07",
    "B08",
    "B8A",
    "B09",
    "B11",
    "B12"
  ],
  "per_band": {
    "B01": {
      "valid_count": 2851038,
      "mean": 0.058556871838665585,
      "std": 0.10297387199407736,
      "median": 0.03849999979138374,
      "iqr": 0.035499999299645424,
      "p02": 0.008299999870359898,
      "p98": 0.3718999922275543
    },
    "B02": {
      "valid_count": 2871448,
      "mean": 0.06724925808366274,
      "std": 0.0964300787220874,
      "median": 0.049300000071525574,
      "iqr": 0.038600001484155655,
      "p02": 0.017100000753998756,
      "p98": 0.35010001063346863
    },
    "B03": {
      "valid_count": 2876452,
      "mean": 0.08651159401223654,
      "std": 0.08870432236246507,
      "median": 0.07109999656677246,
      "iqr": 0.03680000454187393,
      "p02": 0.03240000084042549,
      "p98": 0.34119999408721924
    },
    "B04": {
      "valid_count": 2877099,
      "mean": 0.09325611634767979,
      "std": 0.0916827274319697,
      "median": 0.08160000294446945,
      "iqr": 0.07010000199079514,
      "p02": 0.019099999219179153,
      "p98": 0.32760000228881836
    },
    "B05": {
      "valid_count": 2877247,
      "mean": 0.12830648096946973,
      "std": 0.09359824351609203,
      "median": 0.11089999973773956,
      "iqr": 0.06050000339746475,
      "p02": 0.04800000041723251,
      "p98": 0.3693000078201294
    },
    "B06": {
      "valid_count": 2877265,
      "mean": 0.20526218715969666,
      "std": 0.11746884113401532,
      "median": 0.1754000037908554,
      "iqr": 0.1355000138282776,
      "p02": 0.061000000685453415,
      "p98": 0.49129998683929443
    },
    "B07": {
      "valid_count": 2884709,
      "mean": 0.24277298031074482,
      "std": 0.14247682752793142,
      "median": 0.19789999723434448,
      "iqr": 0.1868000030517578,
      "p02": 0.0674000009894371,
      "p98": 0.5911999940872192
    },
    "B08": {
      "valid_count": 2877279,
      "mean": 0.2565747435481132,
      "std": 0.14195911063086028,
      "median": 0.2160000056028366,
      "iqr": 0.19329999387264252,
      "p02": 0.07270000129938126,
      "p98": 0.5928000211715698
    },
    "B8A": {
      "valid_count": 2877288,
      "mean": 0.2638249915742257,
      "std": 0.1439918926571266,
      "median": 0.2248000055551529,
      "iqr": 0.19949999451637268,
      "p02": 0.07320000231266022,
      "p98": 0.6061999797821045
    },
    "B09": {
      "valid_count": 2877697,
      "mean": 0.2766744115606005,
      "std": 0.18689252764762734,
      "median": 0.2295999974012375,
      "iqr": 0.20250000059604645,
      "p02": 0.05659200057387335,
      "p98": 0.7402999997138977
    },
    "B11": {
      "valid_count": 2876820,
      "mean": 0.20879978221905532,
      "std": 0.09207031465091424,
      "median": 0.2092999964952469,
      "iqr": 0.10610000789165497,
      "p02": 0.02669999934732914,
      "p98": 0.4034999907016754
    },
    "B12": {
      "valid_count": 2876401,
      "mean": 0.15290874434731738,
      "std": 0.09230850947243466,
      "median": 0.13359999656677246,
      "iqr": 0.13599999248981476,
      "p02": 0.019700000062584877,
      "p98": 0.3499000072479248
    }
  }
}